-- phpMyAdmin SQL Dump
-- version 5.1.1
-- https://www.phpmyadmin.net/
--
-- Host: 127.0.0.1
-- Generation Time: Feb 15, 2022 at 01:23 PM
-- Server version: 10.4.22-MariaDB
-- PHP Version: 8.1.2

SET SQL_MODE = "NO_AUTO_VALUE_ON_ZERO";
START TRANSACTION;
SET time_zone = "+00:00";


/*!40101 SET @OLD_CHARACTER_SET_CLIENT=@@CHARACTER_SET_CLIENT */;
/*!40101 SET @OLD_CHARACTER_SET_RESULTS=@@CHARACTER_SET_RESULTS */;
/*!40101 SET @OLD_COLLATION_CONNECTION=@@COLLATION_CONNECTION */;
/*!40101 SET NAMES utf8mb4 */;

--
-- Database: `jti_bbmranrolog`
--

-- --------------------------------------------------------

--
-- Table structure for table `kartus`
--

CREATE TABLE `kartus` (
  `kartu_id` int(80) NOT NULL,
  `kartu_tag_no` varchar(80) NOT NULL,
  `kartu_tipe` varchar(80) NOT NULL,
  `kartu_ranjen_is` int(80) NOT NULL COMMENT '1 ranjen, 2 kupon dukungan, 3 cadangan master, 4 cadangan jabatan0 ranum, 1 ransus',
  `kartu_kendaraan` varchar(80) NOT NULL,
  `kartu_banned` int(80) NOT NULL,
  `kartu_created_tgl` datetime(1) NOT NULL,
  `kartu_paired` varchar(80) NOT NULL,
  `kartu_paired_by` varchar(80) NOT NULL,
  `kartu_paired_tgl` datetime(1) NOT NULL,
  `kartu_deleted` int(80) NOT NULL,
  `kartu_deleted_by` varchar(80) NOT NULL,
  `kartu_deleted_tgl` datetime(1) NOT NULL
) ENGINE=InnoDB DEFAULT CHARSET=utf8mb4;

--
-- Dumping data for table `kartus`
--

INSERT INTO `kartus` (`kartu_id`, `kartu_tag_no`, `kartu_tipe`, `kartu_ranjen_is`, `kartu_kendaraan`, `kartu_banned`, `kartu_created_tgl`, `kartu_paired`, `kartu_paired_by`, `kartu_paired_tgl`, `kartu_deleted`, `kartu_deleted_by`, `kartu_deleted_tgl`) VALUES
(1, '2B0HFAU', '2', 1, '1', 0, '2022-02-02 10:17:44.0', '1', '1', '2022-02-07 10:16:12.0', 0, '', '2022-02-02 10:16:18.0');

-- --------------------------------------------------------

--
-- Table structure for table `kartu_trxs`
--

CREATE TABLE `kartu_trxs` (
  `trx_id` int(25) NOT NULL,
  `trx_kartu` int(25) NOT NULL,
  `trx_kartu_tag_no` varchar(25) NOT NULL,
  `trx_tgl` datetime(6) NOT NULL,
  `trx_spbu` varchar(25) NOT NULL,
  `trx_wilayah` varchar(25) NOT NULL,
  `trx_user_spbu` int(25) NOT NULL,
  `trx_deleted` int(25) NOT NULL,
  `trx_deleted_by` int(25) NOT NULL,
  `trx_deleted_tgl` datetime(6) NOT NULL
) ENGINE=InnoDB DEFAULT CHARSET=utf8mb4;

-- --------------------------------------------------------

--
-- Table structure for table `kendaraan`
--

CREATE TABLE `kendaraan` (
  `ran_id` int(25) NOT NULL,
  `ran_nopol` varchar(255) NOT NULL,
  `ran_bbm_jenis` varchar(255) NOT NULL,
  `ran_jen` varchar(255) NOT NULL,
  `ran_tipe` varchar(255) NOT NULL,
  `ran_satker` varchar(255) NOT NULL,
  `ran_kondisi` varchar(255) NOT NULL,
  `ran_wilayah` varchar(255) NOT NULL,
  `ran_liter` varchar(255) NOT NULL,
  `ran_bbm_isi` varchar(255) NOT NULL,
  `ran_spbu` varchar(255) NOT NULL,
  `ran_deleted` varchar(255) DEFAULT NULL,
  `ran_deleted_by` varchar(255) DEFAULT NULL,
  `ran_deleted_tgl` datetime DEFAULT NULL
) ENGINE=InnoDB DEFAULT CHARSET=utf8mb4;

--
-- Dumping data for table `kendaraan`
--

INSERT INTO `kendaraan` (`ran_id`, `ran_nopol`, `ran_bbm_jenis`, `ran_jen`, `ran_tipe`, `ran_satker`, `ran_kondisi`, `ran_wilayah`, `ran_liter`, `ran_bbm_isi`, `ran_spbu`, `ran_deleted`, `ran_deleted_by`, `ran_deleted_tgl`) VALUES
(3, 'HIV-111', '1', '1', '2', '18', '3', '1', '123', '20', '1', '', '', NULL),
(4, 'CINTA-V1', '1', '2', '2', '19', '1', '1', '36262', '15', '15', '', '', NULL),
(5, 'JUREH-01', '1', '2', '3', '21', '3', '3', '333', '17', '15', '', '', NULL),
(7, 'NANO-90', '1', '1', '6', '1', '1', '1', '456', '', '', '', '', NULL),
(8, 'SEJATI-221', '2', '2', '6', '24', '3', '5', '123', '', '', NULL, NULL, NULL);

-- --------------------------------------------------------

--
-- Table structure for table `log_aktifitas`
--

CREATE TABLE `log_aktifitas` (
  `logak_id` int(255) NOT NULL,
  `logak_tgl` datetime NOT NULL,
  `logak_ket` varchar(255) NOT NULL,
  `logak_user` varchar(255) NOT NULL,
  `logak_ip` varchar(255) NOT NULL
) ENGINE=InnoDB DEFAULT CHARSET=utf8mb4;

--
-- Dumping data for table `log_aktifitas`
--

INSERT INTO `log_aktifitas` (`logak_id`, `logak_tgl`, `logak_ket`, `logak_user`, `logak_ip`) VALUES
(1, '2022-02-14 14:56:05', 'Login Ke Aplikasi Web', '1', ''),
(2, '2022-02-14 14:57:25', 'Login Ke Aplikasi Web', '1', '::1'),
(3, '2022-02-14 14:59:43', 'Login Ke Aplikasi Web', '1', 'UNKNOWN'),
(4, '2022-02-14 17:02:00', 'Login Ke Aplikasi Web', '3', '::1'),
(5, '2022-02-15 10:39:18', 'Login Ke Aplikasi Web', '3', '::1');

-- --------------------------------------------------------

--
-- Table structure for table `master_alokasibbm`
--

CREATE TABLE `master_alokasibbm` (
  `ran_id_bbm` int(11) NOT NULL,
  `ran_total_bbm` int(255) NOT NULL,
  `ran_updated_by` int(11) DEFAULT NULL,
  `ran_updated_at` datetime DEFAULT NULL,
  `ran_deleted_by` int(11) DEFAULT NULL
) ENGINE=InnoDB DEFAULT CHARSET=utf8mb4;

--
-- Dumping data for table `master_alokasibbm`
--

INSERT INTO `master_alokasibbm` (`ran_id_bbm`, `ran_total_bbm`, `ran_updated_by`, `ran_updated_at`, `ran_deleted_by`) VALUES
(1, 6000, 1, '2022-02-14 14:37:40', NULL);

-- --------------------------------------------------------

--
-- Table structure for table `master_bbm_jenis`
--

CREATE TABLE `master_bbm_jenis` (
  `mbj_id` int(25) NOT NULL,
  `mbj_bbmnama` varchar(255) NOT NULL
) ENGINE=InnoDB DEFAULT CHARSET=utf8mb4;

--
-- Dumping data for table `master_bbm_jenis`
--

INSERT INTO `master_bbm_jenis` (`mbj_id`, `mbj_bbmnama`) VALUES
(1, 'PERTAMAX'),
(2, 'DEX LOW SULFUR');

-- --------------------------------------------------------

--
-- Table structure for table `master_kondisi`
--

CREATE TABLE `master_kondisi` (
  `mkon_id` int(25) NOT NULL,
  `mkon_nama` varchar(255) NOT NULL
) ENGINE=InnoDB DEFAULT CHARSET=utf8mb4;

--
-- Dumping data for table `master_kondisi`
--

INSERT INTO `master_kondisi` (`mkon_id`, `mkon_nama`) VALUES
(1, 'BAIK'),
(2, 'RUSAK RINGAN'),
(3, 'RUSAK BERAT');

-- --------------------------------------------------------

--
-- Table structure for table `master_ran_jen`
--

CREATE TABLE `master_ran_jen` (
  `mrj_id` int(25) NOT NULL,
  `mrj_nama` varchar(255) NOT NULL
) ENGINE=InnoDB DEFAULT CHARSET=utf8mb4;

--
-- Dumping data for table `master_ran_jen`
--

INSERT INTO `master_ran_jen` (`mrj_id`, `mrj_nama`) VALUES
(1, 'RANUM'),
(2, 'RANSUS');

-- --------------------------------------------------------

--
-- Table structure for table `master_ran_tipe`
--

CREATE TABLE `master_ran_tipe` (
  `mrt_id` int(25) NOT NULL,
  `mrt_nama` varchar(255) NOT NULL
) ENGINE=InnoDB DEFAULT CHARSET=utf8mb4;

--
-- Dumping data for table `master_ran_tipe`
--

INSERT INTO `master_ran_tipe` (`mrt_id`, `mrt_nama`) VALUES
(1, 'R2'),
(2, 'R2A'),
(3, 'R2B'),
(4, 'R4'),
(5, 'R6'),
(6, 'RANTIS');

-- --------------------------------------------------------

--
-- Table structure for table `master_satker`
--

CREATE TABLE `master_satker` (
  `msat_id` int(255) NOT NULL,
  `msat_nama` varchar(255) NOT NULL
) ENGINE=InnoDB DEFAULT CHARSET=utf8mb4;

--
-- Dumping data for table `master_satker`
--

INSERT INTO `master_satker` (`msat_id`, `msat_nama`) VALUES
(1, 'SPRIPIM'),
(2, 'ITWASDA'),
(3, 'RO OPS'),
(4, 'RO RENA'),
(5, 'RO SDM'),
(6, 'ROLOG'),
(7, 'BID PROPAM'),
(8, 'BID HUMAS'),
(9, 'BIDKUM'),
(10, 'BID TIK'),
(11, 'SETUM'),
(12, 'YANMA'),
(13, 'DIT INTELKAM'),
(14, 'DIT RESKRIM UM'),
(15, 'DIT RESKRIM SUS'),
(16, 'DIT RES NARKOBA'),
(17, 'DIT BINMAS'),
(18, 'DIT SAMAPTA'),
(19, 'DIT LANTAS'),
(20, 'DIT PAM OBVIT'),
(21, 'DIT TAHTI'),
(22, 'BID KEU'),
(23, 'BID DOKKES'),
(24, 'SPKT');

-- --------------------------------------------------------

--
-- Table structure for table `master_wilayah`
--

CREATE TABLE `master_wilayah` (
  `mwil_id` int(25) NOT NULL,
  `mwil_nama` varchar(255) NOT NULL
) ENGINE=InnoDB DEFAULT CHARSET=utf8mb4;

--
-- Dumping data for table `master_wilayah`
--

INSERT INTO `master_wilayah` (`mwil_id`, `mwil_nama`) VALUES
(1, 'UTARA'),
(2, 'TIMUR'),
(3, 'BARAT'),
(4, 'SELATAN'),
(5, 'PUSAT');

-- --------------------------------------------------------

--
-- Table structure for table `spbus`
--

CREATE TABLE `spbus` (
  `spbu_id` int(25) NOT NULL,
  `spbu_nama` varchar(255) NOT NULL,
  `spbu_kode` int(255) NOT NULL,
  `spbu_alamat` varchar(255) NOT NULL,
  `spbu_wilayah` varchar(255) NOT NULL,
  `spbu_kerjasama` varchar(255) NOT NULL
) ENGINE=InnoDB DEFAULT CHARSET=utf8mb4;

--
-- Dumping data for table `spbus`
--

INSERT INTO `spbus` (`spbu_id`, `spbu_nama`, `spbu_kode`, `spbu_alamat`, `spbu_wilayah`, `spbu_kerjasama`) VALUES
(1, 'SPBU 31.127.01', 3112701, 'JL. KEMANG SELATAN RAYA 105A', 'SELATAN', 'POLDA METRO JAYA'),
(2, 'SPBU 31.121.04', 3112104, 'JL. GANDARIA I KAV.27-28', 'SELATAN', 'POLDA METRO JAYA'),
(3, 'SPBU 31.122.03', 3112203, 'JL. ARTERI TENTARA PELAJAR PERMATA HIJAU', 'SELATAN', 'POLDA METRO JAYA'),
(4, 'SPBU 31.122.04', 3112204, 'JL. SULTAN ISKANDAR MUDA ARTERI PONDOK INDAH', 'SELATAN', 'POLDA METRO JAYA'),
(5, 'SPBU 31.124.01', 3112401, 'JL. FATMAWATI NO.06', 'SELATAN', 'POLDA METRO JAYA'),
(6, 'SPBU 31.124.02', 3112402, 'JL. RS FATMAWATI NO. 16 - 19', 'SELATAN', 'POLDA METRO JAYA'),
(7, 'SPBU 31.126.01', 3112601, 'JL. LENTENG AGUNG RAYA NO 8', 'SELATAN', 'POLDA METRO JAYA'),
(8, 'SPBU 31.127.02', 3112702, 'JL. KAPTEN TENDEAN NO. 38', 'SELATAN', 'POLDA METRO JAYA'),
(9, 'SPBU 31.129.02', 3112902, 'JL. HR RASUNA SAID', 'SELATAN', 'POLDA METRO JAYA'),
(10, 'SPBU 34.121.05', 3412105, 'JL. KEMANG RAYA NO 39', 'SELATAN', 'POLDA METRO JAYA'),
(11, 'SPBU 34.121.13', 3412113, 'JL. PANGERAN ANTASARI NO.10A', 'SELATAN', 'POLDA METRO JAYA'),
(12, 'SPBU 34.121.15', 3412115, 'JL. RAYA RADIO DALAM NO 123', 'SELATAN', 'POLDA METRO JAYA'),
(13, 'SPBU 34.122.04', 3412204, 'JL. RAWA KEMIRI KEBAYORAN LAMA', 'SELATAN', 'POLDA METRO JAYA'),
(14, 'SPBU 34.122.08', 3412208, 'JL. CIPUTAT RAYA', 'SELATAN', 'POLDA METRO JAYA'),
(15, 'SPBU 34.122.09', 3412209, 'JL. CILEDUG RAYA', 'SELATAN', 'POLDA METRO JAYA'),
(16, 'SPBU 34.122.13', 3412213, 'JL. CIPUTAT RAYA NO 41 KEBAYORAN LAMA JAKARTA SELATAN', 'SELATAN', 'POLDA METRO JAYA'),
(17, 'SPBU 34.122.14', 3412214, 'JL. RS VETERAN NO 35 TANAH KUSIR,KEBAYORAN LAMA JAKARTA SELATAN, JAKARTA SELATAN-DKI JAKARTA', 'SELATAN', 'POLDA METRO JAYA'),
(18, 'SPBU 34.123.01', 3412301, 'JL. RC VETERAN', 'SELATAN', 'POLDA METRO JAYA'),
(19, 'SPBU 34.123.02', 3412302, 'JL. SULTAN ISKANDAR MUDA', 'SELATAN', 'POLDA METRO JAYA'),
(20, 'SPBU 34.123.03', 3412303, 'JL. BINTARO RAYA', 'SELATAN', 'POLDA METRO JAYA'),
(21, 'SPBU 34.123.04', 3412304, 'JL. BINTARO PERMAI NO 45 PESANGGRAHAN JAKARTA SELATAN', 'SELATAN', 'POLDA METRO JAYA'),
(22, 'SPBU 34.123.05', 3412305, 'JL. PAHLAWAN', 'SELATAN', 'POLDA METRO JAYA'),
(23, 'SPBU 34.123.06', 3412306, 'JL. KESEHATAN RAYA NO. 15, BINTARO', 'SELATAN', 'POLDA METRO JAYA'),
(24, 'SPBU 34.123.07', 3412307, 'JL. CIPUTAT RAYA NO. 12', 'SELATAN', 'POLDA METRO JAYA'),
(25, 'SPBU 34.124.01', 3412401, 'JL. RS. FATMAWATI NO. 4', 'SELATAN', 'POLDA METRO JAYA'),
(26, 'SPBU 34.124.07', 3412407, 'JL. TEROGONG RAYA NO.1', 'SELATAN', 'POLDA METRO JAYA'),
(27, 'SPBU 34.124.09', 3412409, 'JL. KARANG TENGAH RAYA NO.20', 'SELATAN', 'POLDA METRO JAYA'),
(28, 'SPBU 34.124.10', 3412410, 'JL. KARANG TENGAH RAYA NO. 7-8 LEBAK BULUS', 'SELATAN', 'POLDA METRO JAYA'),
(29, 'SPBU 34.124.11', 3412411, 'JL. MARGAGUNA RAYA NO.11', 'SELATAN', 'POLDA METRO JAYA'),
(30, 'SPBU 34.125.03', 3412503, 'JL. RAYA PASAR MINGGU NO.100', 'SELATAN', 'POLDA METRO JAYA'),
(31, 'SPBU 34.125.04', 3412504, 'JL. AMPERA RAYA NO. 16', 'SELATAN', 'POLDA METRO JAYA'),
(32, 'SPBU 34.125.05', 3412505, 'JL. RAYA TANJUNG BARAT NO.156 JAKARTA SELATAN', 'SELATAN', 'POLDA METRO JAYA'),
(33, 'SPBU 34.125.07', 3412507, 'JL. RAYA CILANDAK KKO', 'SELATAN', 'POLDA METRO JAYA'),
(34, 'SPBU 34.125.08', 3412508, 'JL. RAYA JAGAKARSA 2 NO 4', 'SELATAN', 'POLDA METRO JAYA'),
(35, 'SPBU 34.125.09', 3412509, 'JL. TAMAN MARGASATWA NO. 21-22', 'SELATAN', 'POLDA METRO JAYA'),
(36, 'SPBU 34.125.12', 3412512, 'JL. TAMAN MARGASATWA RAYA NO 28', 'SELATAN', 'POLDA METRO JAYA'),
(37, 'SPBU 34.126.01', 3412601, 'JL. JAKARTA SELATAN', 'SELATAN', 'POLDA METRO JAYA'),
(38, 'SPBU 34.126.02', 3412602, 'JL. LENTENG AGUNG NO. 93', 'SELATAN', 'POLDA METRO JAYA'),
(39, 'SPBU 34.126.04', 3412604, 'JL. RAYA TANJUNG BARAT', 'SELATAN', 'POLDA METRO JAYA'),
(40, 'SPBU 34.126.05', 3412605, 'JL. RAYA LENTENG AGUNG', 'SELATAN', 'POLDA METRO JAYA'),
(41, 'SPBU 34.126.06', 3412606, 'JL. MOH. KAHFI I, CIGANJUR, JAKARTA SELATAN', 'SELATAN', 'POLDA METRO JAYA'),
(42, 'SPBU 34.126.08', 3412608, 'JL. RAYA JAGAKARSA NO 1B', 'SELATAN', 'POLDA METRO JAYA'),
(43, 'SPBU 34.126.10', 3412610, 'JL. M. KAHFI 2 NO. 17 JAGAKARSA', 'SELATAN', 'POLDA METRO JAYA'),
(44, 'SPBU 34.127.01', 3412701, 'JL. WARUNG JATI BARAT NO.24', 'SELATAN', 'POLDA METRO JAYA'),
(45, 'SPBU 34.127.02', 3412702, 'JL. KAPTEN TENDEAN NO. 34', 'SELATAN', 'POLDA METRO JAYA'),
(46, 'SPBU 34.127.03', 3412703, 'JL. RAYA PASAR MINGGU NO. 14 A', 'SELATAN', 'POLDA METRO JAYA'),
(47, 'SPBU 34.127.06', 3412706, 'JL. MAMPANG PRAPATAN RAYA NO. 98', 'SELATAN', 'POLDA METRO JAYA'),
(48, 'SPBU 34.127.07', 3412707, 'JL. RAYA PASAR MINGGU', 'SELATAN', 'POLDA METRO JAYA'),
(49, 'SPBU 34.128.05', 3412805, 'JL. CASABLANCA MENTENG DALAM', 'SELATAN', 'POLDA METRO JAYA'),
(50, 'SPBU 34.129.01', 3412901, 'JL. MINANGKABAU TIMUR NO.33', 'SELATAN', 'POLDA METRO JAYA'),
(51, 'SPBU 34.129.02', 3412902, 'JL. JEND GATOT SUBROTO KAV31', 'SELATAN', 'POLDA METRO JAYA'),
(52, 'SPBU 34.122.05', 3412205, 'JL. PALMERAH BARAT NO 37', 'SELATAN', 'POLDA METRO JAYA'),
(53, 'SPBU 33.142.01', 3314201, 'Jl. Pegangsaan Dua No.81', 'UTARA', 'POLDA METRO JAYA'),
(54, 'SPBU 33.144.01', 3314401, 'JL. PLUIT RAYA NO.3', 'UTARA', 'POLDA METRO JAYA'),
(55, 'SPBU 34.141.01', 3414101, 'JL. TIPAR CAKUNG NO.48', 'UTARA', 'POLDA METRO JAYA'),
(56, 'SPBU 34.141.03', 3414103, 'JL. PLUMPANG SEMPER NO.54', 'UTARA', 'POLDA METRO JAYA'),
(57, 'SPBU 34.141.05', 3414105, 'JL. RAYA CAKUNG CILINCING NO.89', 'UTARA', 'POLDA METRO JAYA'),
(58, 'SPBU 34.141.06', 3414106, 'JL. BIDARA NO. 5 MARUNDA', 'UTARA', 'POLDA METRO JAYA'),
(59, 'SPBU 34.141.07', 3414107, 'JL. RAYA CACING KBN CAKUNG', 'UTARA', 'POLDA METRO JAYA'),
(60, 'SPBU 34.141.08', 3414108, 'JL. SURABAYA KAV. C 3-4, KBN MARUNDA', 'UTARA', 'POLDA METRO JAYA'),
(61, 'SPBU 34.141.09', 3414109, 'JL. RAYA CILINCING', 'UTARA', 'POLDA METRO JAYA'),
(62, 'SPBU 34.142.01', 3414201, 'JL. BOULEVARD BARAT BLOK XB', 'UTARA', 'POLDA METRO JAYA'),
(63, 'SPBU 34.142.03', 3414203, 'JL. RAYA CAKUNG CILINGCING', 'UTARA', 'POLDA METRO JAYA'),
(64, 'SPBU 34.142.05', 3414205, 'JL. BOULEVARD TIMUR', 'UTARA', 'POLDA METRO JAYA'),
(65, 'SPBU 34.142.06', 3414206, 'JL. PEGANGSAAN 2 KELAPA GADING', 'UTARA', 'POLDA METRO JAYA'),
(66, 'SPBU 34.142.08', 3414208, 'JL. BOULEVARD ARTHA GADING KAV A3', 'UTARA', 'POLDA METRO JAYA'),
(67, 'SPBU 34.142.09', 3414209, 'JL. LOGISTIK PEGANGSAAN DUA NO.85', 'UTARA', 'POLDA METRO JAYA'),
(68, 'SPBU 34.142.10', 3414210, 'JL. BULEVARD ARTHA GADING BLOK D NO. 2', 'UTARA', 'POLDA METRO JAYA'),
(69, 'SPBU 34.143.01', 3414301, 'JL. DANAU SUNTER UTARA BLOK F20 NO.30 SUNTER AGUNG', 'UTARA', 'POLDA METRO JAYA'),
(70, 'SPBU 34.143.04', 3414304, 'JL. TONGKOL NO. 7', 'UTARA', 'POLDA METRO JAYA'),
(71, 'SPBU 34.143.05', 3414305, 'JL. SUNTER KEMAYORAN NO. 45', 'UTARA', 'POLDA METRO JAYA'),
(72, 'SPBU 34.143.06', 3414306, 'JL. DANAU SUNTER SELATAN', 'UTARA', 'POLDA METRO JAYA'),
(73, 'SPBU 34.143.07', 3414307, 'JL. DANAU SUNTER SELATAN BLOK O5 NO.10', 'UTARA', 'POLDA METRO JAYA'),
(74, 'SPBU 34.143.08', 3414308, 'JL. ENGGANO 14-16', 'UTARA', 'POLDA METRO JAYA'),
(75, 'SPBU 34.143.10', 3414310, 'JL. GAYA MOTOR RAYA NO. 13', 'UTARA', 'POLDA METRO JAYA'),
(76, 'SPBU 34.144.01', 3414401, 'JL. PLUIT RAYA SELATAN 10', 'UTARA', 'POLDA METRO JAYA'),
(77, 'SPBU 34.144.02', 3414402, 'JL. LODAN RAYA NO 103 MARINA JAYA ANCOL', 'UTARA', 'POLDA METRO JAYA'),
(78, 'SPBU 34.144.03', 3414403, 'JL. RAYA PLUIT SELATAN NO.10 JAKARTA UTARA', 'UTARA', 'POLDA METRO JAYA'),
(79, 'SPBU 34.144.05', 3414405, 'JL. KAMPUNG BANDAN NO 30', 'UTARA', 'POLDA METRO JAYA'),
(80, 'SPBU 34.144.06', 3414406, 'JL. KOMPLEK PELELANGAN IKAN', 'UTARA', 'POLDA METRO JAYA'),
(81, 'SPBU 34.144.07', 3414407, 'JL. JEMBATAN TIGA BLOK F 4-5', 'UTARA', 'POLDA METRO JAYA'),
(82, 'SPBU 34.144.08', 3414408, 'JL. BUDI MULYA RAYA', 'UTARA', 'POLDA METRO JAYA'),
(83, 'SPBU 34.144.09', 3414409, 'JL. KAPUK KAMAL RAYA NO.133', 'UTARA', 'POLDA METRO JAYA'),
(84, 'SPBU 34.144.10', 3414410, 'JL. KAPUK RAYA NO. 36, KAMAL MUARA PENJARINGAN JAKARTA UTARA', 'UTARA', 'POLDA METRO JAYA'),
(85, 'SPBU 34.144.11', 3414411, 'JL. KAPUK KAMAL RAYA NO.1A PENJARINGAN JAKARTA UTARA', 'UTARA', 'POLDA METRO JAYA'),
(86, 'SPBU 34.144.13', 3414413, 'JL. BENYAMIN SUEB BLOK C4', 'UTARA', 'POLDA METRO JAYA'),
(87, 'SPBU 34.144.14', 3414414, 'JL. GEDONG PANJANG NO.44', 'UTARA', 'POLDA METRO JAYA'),
(88, 'SPBU 34.144.15', 3414415, 'JL. BUKIT GOLF MEDITERANIA PANTAI INDAH KAPUK', 'UTARA', 'POLDA METRO JAYA'),
(89, 'SPBU 34.144.16', 3414416, 'JL. PLUIT PERMAI RAYA', 'UTARA', 'POLDA METRO JAYA'),
(90, 'SPBU 31.131.01', 3113101, 'JL. PTAMUKA RAYA NO. 18A', 'TIMUR', 'POLDA METRO JAYA'),
(91, 'SPBU 31.133.01', 3113301, 'JL. OTISTA RAYA NO 69-71', 'TIMUR', 'POLDA METRO JAYA'),
(92, 'SPBU 31.134.01', 3113401, 'JL. RAYA BEKASI TIMUR KLENDER', 'TIMUR', 'POLDA METRO JAYA'),
(93, 'SPBU 31.134.02', 3113402, 'JL. RAYA KALIMALANG', 'TIMUR', 'POLDA METRO JAYA'),
(94, 'SPBU 31.136.02', 3113602, 'JL. MAYJEN SUTOYO', 'TIMUR', 'POLDA METRO JAYA'),
(95, 'SPBU 31.137.01', 3113701, 'JL. RAYA BOGOR KM 28', 'TIMUR', 'POLDA METRO JAYA'),
(96, 'SPBU 31.139.02', 3113902, 'JL. RAYA BEKASI, KM.21 RAWATERTE', 'TIMUR', 'POLDA METRO JAYA'),
(97, 'SPBU 33.134.01', 3313401, 'JL. ISPEKSI KALIMALANG NO 42', 'TIMUR', 'POLDA METRO JAYA'),
(98, 'SPBU 33.134.02', 3313402, 'JL. KOLONEL SOEGIONO', 'TIMUR', 'POLDA METRO JAYA'),
(99, 'SPBU 34.131.01', 3413101, 'JL. AHMAD YANI NO 114A', 'TIMUR', 'POLDA METRO JAYA'),
(100, 'SPBU 34.131.02', 3413102, 'JL. MATRAMAN RAYA NO 44', 'TIMUR', 'POLDA METRO JAYA'),
(101, 'SPBU 34.131.03', 3413103, 'JL. MATRAMAN RAYA NO 84', 'TIMUR', 'POLDA METRO JAYA'),
(102, 'SPBU 34.132.01', 3413201, 'JL. I GUSTI NGURAH RAI', 'TIMUR', 'POLDA METRO JAYA'),
(103, 'SPBU 34.132.02', 3413202, 'JL. PERINTIS KEMERDEKAAN 194', 'TIMUR', 'POLDA METRO JAYA'),
(104, 'SPBU 34.132.03', 3413203, 'JL. KAYUPUTIH RAYA', 'TIMUR', 'POLDA METRO JAYA'),
(105, 'SPBU 34.132.05', 3413205, 'JL. PERINTIS KEMERDEKAAN NO.50', 'TIMUR', 'POLDA METRO JAYA'),
(106, 'SPBU 34.132.06', 3413206, 'JL. PEMUDA KAV 3-4', 'TIMUR', 'POLDA METRO JAYA'),
(107, 'SPBU 34.132.08', 3413208, 'JL. RAWAMANGUN MUKA RAYA NO.1', 'TIMUR', 'POLDA METRO JAYA'),
(108, 'SPBU 34.133.02', 3413302, 'JL. D.I PANJAITAN KAV 25', 'TIMUR', 'POLDA METRO JAYA'),
(109, 'SPBU 34.133.05', 3413305, 'JL. RAYA OTISTA NO.64B', 'TIMUR', 'POLDA METRO JAYA'),
(110, 'SPBU 34.133.06', 3413306, 'JL. JATINEGARA TIMUR NO.54', 'TIMUR', 'POLDA METRO JAYA'),
(111, 'SPBU 34.133.07', 3413307, 'JL. JATINEGARA BARAT NO 83', 'TIMUR', 'POLDA METRO JAYA'),
(112, 'SPBU 34.134.01', 3413401, 'JL. INSPEKSI SALURAN KALIMALANG NO.01 KAV. AGRARIA DUREN SAWIT JAKARTA TIMUR', 'TIMUR', 'POLDA METRO JAYA'),
(113, 'SPBU 34.134.02', 3413402, 'JL. PAHLAWAN REVOLUSI', 'TIMUR', 'POLDA METRO JAYA'),
(114, 'SPBU 34.134.03', 3413403, 'JL. PAHLAWAN REVOLUSI PONDOK NAMBU', 'TIMUR', 'POLDA METRO JAYA'),
(115, 'SPBU 34.134.06', 3413406, 'JL. RAWA JAYA', 'TIMUR', 'POLDA METRO JAYA'),
(116, 'SPBU 34.134.07', 3413407, 'JL. RADIN INTAN II. NO 49 BUARAN', 'TIMUR', 'POLDA METRO JAYA'),
(117, 'SPBU 34.134.09', 3413409, 'JL. RADIN INTEN N0 17', 'TIMUR', 'POLDA METRO JAYA'),
(118, 'SPBU 34.134.10', 3413410, 'JL. RADIN INTAN II, DUREN SAWIT', 'TIMUR', 'POLDA METRO JAYA'),
(119, 'SPBU 34.134.12', 3413412, 'JL. BASUKI RAHMAT NO.9', 'TIMUR', 'POLDA METRO JAYA'),
(120, 'SPBU 34.134.13', 3413413, 'JL. CIPINANG JAYA BLOK J 142 146', 'TIMUR', 'POLDA METRO JAYA'),
(121, 'SPBU 34.134.14', 3413414, 'JL. BASUKI RAHMAT NO. 64', 'TIMUR', 'POLDA METRO JAYA'),
(122, 'SPBU 34.134.16', 3413416, 'JL. SUKAMTO', 'TIMUR', 'POLDA METRO JAYA'),
(123, 'SPBU 34.134.18', 3413418, 'JL. H. NAMAN NO. 29', 'TIMUR', 'POLDA METRO JAYA'),
(124, 'SPBU 34.134.19', 3413419, 'JL. RADEN INTEN 2 NO 60', 'TIMUR', 'POLDA METRO JAYA'),
(125, 'SPBU 34.134.20', 3413420, 'JL. RAYA KALIMALANG', 'TIMUR', 'POLDA METRO JAYA'),
(126, 'SPBU 34.134.21', 3413421, 'JL. I GUSTI NGURAH RAI PONDOK KOPI JAKARTA TIMUR', 'TIMUR', 'POLDA METRO JAYA'),
(127, 'SPBU 34.135.01', 3413501, 'JL. CONDET RAYA NO 321', 'TIMUR', 'POLDA METRO JAYA'),
(128, 'SPBU 34.135.02', 3413502, 'JL. RAYA CONDET', 'TIMUR', 'POLDA METRO JAYA'),
(129, 'SPBU 34.135.03', 3413503, 'JL. PINANG RANTI', 'TIMUR', 'POLDA METRO JAYA'),
(130, 'SPBU 34.135.04', 3413504, 'JL. RAYA PONDOK GEDE NO.39', 'TIMUR', 'POLDA METRO JAYA'),
(131, 'SPBU 34.135.05', 3413505, 'JL. RAYA BOGOR KM 19 NO. 109-110', 'TIMUR', 'POLDA METRO JAYA'),
(132, 'SPBU 34.135.06', 3413506, 'JL. PUSDIKLAT DEPNAKER', 'TIMUR', 'POLDA METRO JAYA'),
(133, 'SPBU 34.136.02', 3413602, 'JL. DEWI SARTIKA', 'TIMUR', 'POLDA METRO JAYA'),
(134, 'SPBU 34.136.03', 3413603, 'JL. RAYA JATIWARINGIN NO. 4', 'TIMUR', 'POLDA METRO JAYA'),
(135, 'SPBU 34.136.04', 3413604, 'JL. DEWI SARTIKA 232', 'TIMUR', 'POLDA METRO JAYA'),
(136, 'SPBU 34.136.05', 3413605, 'JL. RAYA HALIM PERDANAKUSUMA NO 11', 'TIMUR', 'POLDA METRO JAYA'),
(137, 'SPBU 34.137.03', 3413703, 'JL. RAYA CIRACAS NO 107 JAKARTA TIMUR', 'TIMUR', 'POLDA METRO JAYA'),
(138, 'SPBU 34.137.04', 3413704, 'JL. RAYA BOGOR KM 24.7 CIRACAS', 'TIMUR', 'POLDA METRO JAYA'),
(139, 'SPBU 34.137.06', 3413706, 'JL. JAMBORE RAYA NO. 8 CIBUBUR', 'TIMUR', 'POLDA METRO JAYA'),
(140, 'SPBU 34.137.08', 3413708, 'JL. KELAPA DUA WETAN', 'TIMUR', 'POLDA METRO JAYA'),
(141, 'SPBU 34.137.09', 3413709, 'JL. PKP RAYA NO.1', 'TIMUR', 'POLDA METRO JAYA'),
(142, 'SPBU 34.138.01', 3413801, 'JL. PINTU II TMII', 'TIMUR', 'POLDA METRO JAYA'),
(143, 'SPBU 34.138.02', 3413802, 'JL. RAYA PONDOK GEDE', 'TIMUR', 'POLDA METRO JAYA'),
(144, 'SPBU 34.138.03', 3413803, 'JL. RAYA BINA MARGA', 'TIMUR', 'POLDA METRO JAYA'),
(145, 'SPBU 34.138.04', 3413804, 'JL. SUPRIYADI NO 100', 'TIMUR', 'POLDA METRO JAYA'),
(146, 'SPBU 34.138.05', 3413805, 'JL. PAGELARANG NO. 47', 'TIMUR', 'POLDA METRO JAYA'),
(147, 'SPBU 34.138.06', 3413806, 'JL. SUPRIYADI OUTER RINGROAD NO.27', 'TIMUR', 'POLDA METRO JAYA'),
(148, 'SPBU 34.138.08', 3413808, 'JL. RAYA CIPAYUNG', 'TIMUR', 'POLDA METRO JAYA'),
(149, 'SPBU 34.138.09', 3413809, 'JL. TOL JAGORAWI KM 10 MUNJUL CIPAYUNG JAKARTA TIMUR', 'TIMUR', 'POLDA METRO JAYA'),
(150, 'SPBU 34.139.01', 3413901, 'JL. BEKASI TIMUR RAYA NO 29', 'TIMUR', 'POLDA METRO JAYA'),
(151, 'SPBU 34.139.03', 3413903, 'JL. RAYA PENGGILINGAN', 'TIMUR', 'POLDA METRO JAYA'),
(152, 'SPBU 34.139.05', 3413905, 'JL. RY PULO GEBANG', 'TIMUR', 'POLDA METRO JAYA'),
(153, 'SPBU 34.139.06', 3413906, 'JL. RAYA CAKUNG CILINCING KM 1.5', 'TIMUR', 'POLDA METRO JAYA'),
(154, 'SPBU 34.139.07', 3413907, 'JL. SENTRA PRIMER', 'TIMUR', 'POLDA METRO JAYA'),
(155, 'SPBU 34.139.08', 3413908, 'JL. SRI SULTAN HAMENGKUBUWONO IX KM.26', 'TIMUR', 'POLDA METRO JAYA'),
(156, 'SPBU 34.139.09', 3413909, 'JL. KRT RADJIMAN', 'TIMUR', 'POLDA METRO JAYA'),
(157, 'SPBU 34.139.10', 3413910, 'JL. SULTAN HAMENGKUBUWONO IX KM. 24', 'TIMUR', 'POLDA METRO JAYA'),
(158, 'SPBU 34.139.11', 3413911, 'JL. ALTERNATIF SISI TOL PULO GEBANG', 'TIMUR', 'POLDA METRO JAYA'),
(159, 'SPBU 34.132.09', 3413209, 'JL. PEMUDA NO. 40-41', 'TIMUR', 'POLDA METRO JAYA'),
(160, 'SPBU 34.137.11', 3413711, 'JL. RAYA BOGOR KM.21', 'TIMUR', 'POLDA METRO JAYA'),
(161, 'SPBU 31.114.01', 3111401, 'JL. LETJEND S. PARMAN KAV.70', 'BARAT', 'POLDA METRO JAYA'),
(162, 'SPBU 31.114.03', 3111403, 'JL. DAAN MOGOT KM 1 KAV 2', 'BARAT', 'POLDA METRO JAYA'),
(163, 'SPBU 31.114.04', 3111404, 'JL. TOMANG RAYA NO.42', 'BARAT', 'POLDA METRO JAYA'),
(164, 'SPBU 31.115.01', 3111501, 'JL. KEDOYA RAYA NO 14', 'BARAT', 'POLDA METRO JAYA'),
(165, 'SPBU 31.116.01', 3111601, 'JL. MERUYA ILIR RAYA', 'BARAT', 'POLDA METRO JAYA'),
(166, 'SPBU 31.116.02', 3111602, 'JL. KEMBANGAN UTARA NO.238', 'BARAT', 'POLDA METRO JAYA'),
(167, 'SPBU 31.117.02', 3111702, 'JL. DAAN MOGOT KM 10 PESING POGLAR', 'BARAT', 'POLDA METRO JAYA'),
(168, 'SPBU 31.118.02', 3111802, 'JL. DAAN MOGOT KM.16', 'BARAT', 'POLDA METRO JAYA'),
(169, 'SPBU 33.113.01', 3311301, 'JL. PANGERAN TUBAGUS ANGKE NO.10 JAKARTA BARAT', 'BARAT', 'POLDA METRO JAYA'),
(170, 'SPBU 34.111.03', 3411103, 'JL. KS. TUBUN NO. 20', 'BARAT', 'POLDA METRO JAYA'),
(171, 'SPBU 34.111.04', 3411104, 'JL. HAYAM WURUK 74-75', 'BARAT', 'POLDA METRO JAYA'),
(172, 'SPBU 34.112.01', 3411201, 'JL. KH.MOH. MANSYUR NO.133', 'BARAT', 'POLDA METRO JAYA'),
(173, 'SPBU 34.114.03', 3411403, 'JL. KEMANGGISAN UTAMA RAYA NO 6-8', 'BARAT', 'POLDA METRO JAYA'),
(174, 'SPBU 34.114.04', 3411404, 'JL. PROF. DR. LATUMENTEN RAYA. NO. 20', 'BARAT', 'POLDA METRO JAYA'),
(175, 'SPBU 34.114.05', 3411405, 'JL. PALMERAH UTARA NO. 56', 'BARAT', 'POLDA METRO JAYA'),
(176, 'SPBU 34.114.07', 3411407, 'JL. KEMANGGISAN UTAMA RAYA NO 52A', 'BARAT', 'POLDA METRO JAYA'),
(177, 'SPBU 34.115.02', 3411502, 'JL. ARTERI RING ROAD GREEN GARDEN', 'BARAT', 'POLDA METRO JAYA'),
(178, 'SPBU 34.115.06', 3411506, 'JL. KEDOYA RAYA NO 23', 'BARAT', 'POLDA METRO JAYA'),
(179, 'SPBU 34.115.07', 3411507, 'JL. ARTERI KELAPA DUA KEBON JERUK', 'BARAT', 'POLDA METRO JAYA'),
(180, 'SPBU 34.115.08', 3411508, 'JL. KELAPA DUA RAYA', 'BARAT', 'POLDA METRO JAYA'),
(181, 'SPBU 34.115.09', 3411509, 'JL. PANJANG ARTERI KELAPA DUA', 'BARAT', 'POLDA METRO JAYA'),
(182, 'SPBU 34.115.00', 3411510, 'JL. RAYA PANJANG NO 38', 'BARAT', 'POLDA METRO JAYA'),
(183, 'SPBU 34.115.01', 3411511, 'JL. KEMANGGISAN RAYA NO.14', 'BARAT', 'POLDA METRO JAYA'),
(184, 'SPBU 34.115.02', 3411512, 'JL. PANJANG NO 45C', 'BARAT', 'POLDA METRO JAYA'),
(185, 'SPBU 34.116.01', 3411601, 'JL. MERUYA ILIR', 'BARAT', 'POLDA METRO JAYA'),
(186, 'SPBU 34.116.02', 3411602, 'JL. PURI KEMBANGAN RAYA NO.81', 'BARAT', 'POLDA METRO JAYA'),
(187, 'SPBU 34.116.04', 3411604, 'JL. SWADARMA RAYA RT/RW 009/03, SRENGSENG JAKARTA BARAT', 'BARAT', 'POLDA METRO JAYA'),
(188, 'SPBU 34.116.08', 3411608, 'JL. RAYA POS PENGUMBEN', 'BARAT', 'POLDA METRO JAYA'),
(189, 'SPBU 34.116.09', 3411609, 'JL. JOGLO RAYA NO 77', 'BARAT', 'POLDA METRO JAYA'),
(190, 'SPBU 34.116.01', 3411611, 'JL. KEMBANGAN', 'BARAT', 'POLDA METRO JAYA'),
(191, 'SPBU 34.117.04', 3411704, 'JL. DAAN MOGOT RAYA NO.19', 'BARAT', 'POLDA METRO JAYA'),
(192, 'SPBU 34.117.05', 3411705, 'JL. LINGKAR LUAR BARAT NO.17, DURI KOSAMBI, CENGKARENG JAKARTA BARAT', 'BARAT', 'POLDA METRO JAYA'),
(193, 'SPBU 34.117.06', 3411706, 'JL. DAAN MOGOT KM 14,5', 'BARAT', 'POLDA METRO JAYA'),
(194, 'SPBU 34.117.07', 3411707, 'JL. KAMAL RAYA OUTER RING ROAD', 'BARAT', 'POLDA METRO JAYA'),
(195, 'SPBU 34.117.08', 3411708, 'JL. RAYA DURI KOSAMBI NO.59', 'BARAT', 'POLDA METRO JAYA'),
(196, 'SPBU 34.117.01', 3411711, 'JL. CENDRAWASIH RAYA NO. 99', 'BARAT', 'POLDA METRO JAYA'),
(197, 'SPBU 34.117.02', 3411712, 'JL. DAAN MOGOT KM 12', 'BARAT', 'POLDA METRO JAYA'),
(198, 'SPBU 34.117.04', 3411714, 'JL. LINGKAR LUAR BARAT NO 11', 'BARAT', 'POLDA METRO JAYA'),
(199, 'SPBU 34.118.02', 3411802, 'JL. KANAL RAYA NO. 20', 'BARAT', 'POLDA METRO JAYA'),
(200, 'SPBU 34.118.03', 3411803, 'JL. DAAN MOGOT KM. 18 NO. 15', 'BARAT', 'POLDA METRO JAYA'),
(201, 'SPBU 34.118.04', 3411804, 'JL. PETA BARAT NO. 108 KEL. KALIDERES, KEC. KALIDERES JAKARTA BARAT', 'BARAT', 'POLDA METRO JAYA'),
(202, 'SPBU 34.116.02', 3411612, 'JL. KEMBANG KEREP NO.56', 'BARAT', 'POLDA METRO JAYA'),
(203, 'SPBU 34.116.07', 3411607, 'JL. MERUYA UTARA RAYA BLOK 7 A NO 8', 'BARAT', 'POLDA METRO JAYA'),
(204, 'SPBU 31.114.05', 3111405, 'JL. TOMANG RAYA NO 59', 'BARAT', 'POLDA METRO JAYA'),
(205, 'SPBU 31.102.02', 3110202, 'JL. ABDUL MUIS NOMOR 68', 'PUSAT', 'POLDA METRO JAYA'),
(206, 'SPBU 31.103.03', 3110303, 'JL. CIKINI RAYA NO 113-115', 'PUSAT', 'POLDA METRO JAYA'),
(207, 'SPBU 31.107.01', 3110701, 'JL. INDUSTRI RAYA NO.1', 'PUSAT', 'POLDA METRO JAYA'),
(208, 'SPBU 31.107.02', 3110702, 'JL. SAMANHUDI NO 20', 'PUSAT', 'POLDA METRO JAYA'),
(209, 'SPBU 31.107.03', 3110703, 'JL. MANGGA BESAR RAYA NO 140', 'PUSAT', 'POLDA METRO JAYA'),
(210, 'SPBU 34.102.01', 3410201, 'JL. BENDUNGAN HILIR', 'PUSAT', 'POLDA METRO JAYA'),
(211, 'SPBU 34.102.05', 3410205, 'JL. CIDENG TIMUR NO.50', 'PUSAT', 'POLDA METRO JAYA'),
(212, 'SPBU 34.102.06', 3410206, 'JL. HANGLEKIR 1 NO.4', 'PUSAT', 'POLDA METRO JAYA'),
(213, 'SPBU 34.104.01', 3410401, 'JL. KRAMAT RAYA NO.116', 'PUSAT', 'POLDA METRO JAYA'),
(214, 'SPBU 34.104.02', 3410402, 'JL. PRAMUKA RAYA NO.56-57', 'PUSAT', 'POLDA METRO JAYA'),
(215, 'SPBU 34.105.01', 3410501, 'JL. PRAMUKA RAYA NO.68', 'PUSAT', 'POLDA METRO JAYA'),
(216, 'SPBU 34.105.02', 3410502, 'JL. LETJEN SUPRAPTO', 'PUSAT', 'POLDA METRO JAYA'),
(217, 'SPBU 34.105.07', 3410507, 'JL. CEMPAKA PUTIH RAYA KAV1-2', 'PUSAT', 'POLDA METRO JAYA'),
(218, 'SPBU 34.106.03', 3410603, 'JL. GUNUNG SAHARI RAYA 12 NO.2', 'PUSAT', 'POLDA METRO JAYA'),
(219, 'SPBU 34.106.04', 3410604, 'JL. BUNGUR BESAR NO 103', 'PUSAT', 'POLDA METRO JAYA'),
(220, 'SPBU 34.106.05', 3410605, 'JL. LETJEND SUPRPATO KAV 26', 'PUSAT', 'POLDA METRO JAYA'),
(221, 'SPBU 34.107.01', 3410701, 'JL. BATU CEPER NO.91', 'PUSAT', 'POLDA METRO JAYA'),
(222, 'SPBU 34.107.02', 3410702, 'JL. PANGERAN JAYAKARTA NO. 111', 'PUSAT', 'POLDA METRO JAYA'),
(223, 'SPBU 31.103.04', 3110304, 'JL. GEREJA THERESIA', 'PUSAT', 'POLDA METRO JAYA');

-- --------------------------------------------------------

--
-- Table structure for table `users`
--

CREATE TABLE `users` (
  `user_id` int(11) NOT NULL,
  `user_nama` varchar(255) NOT NULL,
  `user_email` varchar(255) NOT NULL,
  `user_pass` varchar(255) NOT NULL,
  `user_role` varchar(5) NOT NULL,
  `user_created_at` datetime NOT NULL,
  `user_created_by` varchar(255) DEFAULT NULL,
  `user_banned` varchar(255) DEFAULT NULL,
  `user_banned_by` varchar(255) DEFAULT NULL,
  `user_banned_tgl` datetime DEFAULT NULL,
  `user_deleted` int(11) DEFAULT 0,
  `user_deleted_by` int(11) DEFAULT NULL,
  `user_deleted_tgl` datetime DEFAULT NULL,
  `user_updated_at` datetime DEFAULT NULL
) ENGINE=InnoDB DEFAULT CHARSET=utf8mb4;

--
-- Dumping data for table `users`
--

INSERT INTO `users` (`user_id`, `user_nama`, `user_email`, `user_pass`, `user_role`, `user_created_at`, `user_created_by`, `user_banned`, `user_banned_by`, `user_banned_tgl`, `user_deleted`, `user_deleted_by`, `user_deleted_tgl`, `user_updated_at`) VALUES
(1, 'zidanemagaba', 'lastzidanemagaba@gmail.com', '$2y$10$bc5hcRodp/6AzpLGiB/Jg.biLJUK8VKhtuGbWqAG6SnGH6pJCLeqe', '1', '2022-02-14 05:54:31', NULL, NULL, NULL, NULL, NULL, NULL, NULL, '2022-02-14 12:49:58'),
(3, 'maurel', 'maurel@gmail.com', '$2y$10$qsQ1uLe.20.m7PVj4dnSK.E8S/KZS.TcGHcVcBb.YOBZ.oJEBbaH2', '2', '2022-02-14 12:18:34', NULL, NULL, NULL, NULL, NULL, NULL, NULL, '2022-02-15 14:21:37'),
(4, 'rolog', 'rolog@gmail.com', '$2y$10$7bVwi6nkxIs7M4FtBP2z5e2sZDp414zNYg6.lG9WvkMung4HGsLWC', '3', '2022-02-15 14:21:26', NULL, NULL, NULL, NULL, NULL, NULL, '2022-02-15 14:27:22', '2022-02-15 14:27:22'),
(5, 'sayang', 'sayang@gmail.com', '$2y$10$znHiqxfVUyb6vEJcsujd1OPnQWG6q2Ig0sGcQU76nAGWUs.dhYlhS', '2', '2022-02-15 15:00:02', NULL, NULL, NULL, NULL, 0, NULL, '2022-02-15 15:00:55', '2022-02-15 15:00:55');

-- --------------------------------------------------------

--
-- Table structure for table `user_roles`
--

CREATE TABLE `user_roles` (
  `role_id` int(25) NOT NULL,
  `role_nama` varchar(255) NOT NULL,
  `role_ket` varchar(255) NOT NULL
) ENGINE=InnoDB DEFAULT CHARSET=utf8mb4;

--
-- Dumping data for table `user_roles`
--

INSERT INTO `user_roles` (`role_id`, `role_nama`, `role_ket`) VALUES
(1, 'User', 'Manage User'),
(2, 'Admin', 'Manage Admin'),
(3, 'SuperAdmin', 'Manage All Access');

--
-- Indexes for dumped tables
--

--
-- Indexes for table `kartus`
--
ALTER TABLE `kartus`
  ADD PRIMARY KEY (`kartu_id`);

--
-- Indexes for table `kartu_trxs`
--
ALTER TABLE `kartu_trxs`
  ADD PRIMARY KEY (`trx_id`);

--
-- Indexes for table `kendaraan`
--
ALTER TABLE `kendaraan`
  ADD PRIMARY KEY (`ran_id`);

--
-- Indexes for table `log_aktifitas`
--
ALTER TABLE `log_aktifitas`
  ADD PRIMARY KEY (`logak_id`);

--
-- Indexes for table `master_alokasibbm`
--
ALTER TABLE `master_alokasibbm`
  ADD PRIMARY KEY (`ran_id_bbm`);

--
-- Indexes for table `master_bbm_jenis`
--
ALTER TABLE `master_bbm_jenis`
  ADD PRIMARY KEY (`mbj_id`);

--
-- Indexes for table `master_kondisi`
--
ALTER TABLE `master_kondisi`
  ADD PRIMARY KEY (`mkon_id`);

--
-- Indexes for table `master_ran_jen`
--
ALTER TABLE `master_ran_jen`
  ADD PRIMARY KEY (`mrj_id`);

--
-- Indexes for table `master_ran_tipe`
--
ALTER TABLE `master_ran_tipe`
  ADD PRIMARY KEY (`mrt_id`);

--
-- Indexes for table `master_satker`
--
ALTER TABLE `master_satker`
  ADD PRIMARY KEY (`msat_id`);

--
-- Indexes for table `master_wilayah`
--
ALTER TABLE `master_wilayah`
  ADD PRIMARY KEY (`mwil_id`);

--
-- Indexes for table `spbus`
--
ALTER TABLE `spbus`
  ADD PRIMARY KEY (`spbu_id`);

--
-- Indexes for table `users`
--
ALTER TABLE `users`
  ADD PRIMARY KEY (`user_id`);

--
-- Indexes for table `user_roles`
--
ALTER TABLE `user_roles`
  ADD PRIMARY KEY (`role_id`);

--
-- AUTO_INCREMENT for dumped tables
--

--
-- AUTO_INCREMENT for table `kartus`
--
ALTER TABLE `kartus`
  MODIFY `kartu_id` int(80) NOT NULL AUTO_INCREMENT, AUTO_INCREMENT=2;

--
-- AUTO_INCREMENT for table `kartu_trxs`
--
ALTER TABLE `kartu_trxs`
  MODIFY `trx_id` int(25) NOT NULL AUTO_INCREMENT;

--
-- AUTO_INCREMENT for table `kendaraan`
--
ALTER TABLE `kendaraan`
  MODIFY `ran_id` int(25) NOT NULL AUTO_INCREMENT, AUTO_INCREMENT=9;

--
-- AUTO_INCREMENT for table `log_aktifitas`
--
ALTER TABLE `log_aktifitas`
  MODIFY `logak_id` int(255) NOT NULL AUTO_INCREMENT, AUTO_INCREMENT=6;

--
-- AUTO_INCREMENT for table `master_alokasibbm`
--
ALTER TABLE `master_alokasibbm`
  MODIFY `ran_id_bbm` int(11) NOT NULL AUTO_INCREMENT, AUTO_INCREMENT=4;

--
-- AUTO_INCREMENT for table `master_bbm_jenis`
--
ALTER TABLE `master_bbm_jenis`
  MODIFY `mbj_id` int(25) NOT NULL AUTO_INCREMENT, AUTO_INCREMENT=4;

--
-- AUTO_INCREMENT for table `master_kondisi`
--
ALTER TABLE `master_kondisi`
  MODIFY `mkon_id` int(25) NOT NULL AUTO_INCREMENT, AUTO_INCREMENT=4;

--
-- AUTO_INCREMENT for table `master_ran_jen`
--
ALTER TABLE `master_ran_jen`
  MODIFY `mrj_id` int(25) NOT NULL AUTO_INCREMENT, AUTO_INCREMENT=4;

--
-- AUTO_INCREMENT for table `master_ran_tipe`
--
ALTER TABLE `master_ran_tipe`
  MODIFY `mrt_id` int(25) NOT NULL AUTO_INCREMENT, AUTO_INCREMENT=7;

--
-- AUTO_INCREMENT for table `master_satker`
--
ALTER TABLE `master_satker`
  MODIFY `msat_id` int(255) NOT NULL AUTO_INCREMENT, AUTO_INCREMENT=25;

--
-- AUTO_INCREMENT for table `master_wilayah`
--
ALTER TABLE `master_wilayah`
  MODIFY `mwil_id` int(25) NOT NULL AUTO_INCREMENT, AUTO_INCREMENT=6;

--
-- AUTO_INCREMENT for table `spbus`
--
ALTER TABLE `spbus`
  MODIFY `spbu_id` int(25) NOT NULL AUTO_INCREMENT, AUTO_INCREMENT=224;

--
-- AUTO_INCREMENT for table `users`
--
ALTER TABLE `users`
  MODIFY `user_id` int(11) NOT NULL AUTO_INCREMENT, AUTO_INCREMENT=6;

--
-- AUTO_INCREMENT for table `user_roles`
--
ALTER TABLE `user_roles`
  MODIFY `role_id` int(25) NOT NULL AUTO_INCREMENT, AUTO_INCREMENT=4;
COMMIT;

/*!40101 SET CHARACTER_SET_CLIENT=@OLD_CHARACTER_SET_CLIENT */;
/*!40101 SET CHARACTER_SET_RESULTS=@OLD_CHARACTER_SET_RESULTS */;
/*!40101 SET COLLATION_CONNECTION=@OLD_COLLATION_CONNECTION */;
